Mod_Priority,Mod_Name
1,1.1 SKSE PLUGINS_separator
2,Skyrim Script Extender
3,Address Library for SKSE Plugins
4,PapyrusUtil - Scripting Utility Functions
5,Papyrus Extender
6,Console Util
7,Console Commands Extender
8,More Informative Console
9,Scaleform Translation PP
10,ENB Helper
11,ENB Helper Plus
12,ENB Input Disabler
13,Better Jumping
14,JContainers
15,FileAccess Interface for Skyrim Scripts - FISSES
16,Fuz Ro D'oh
17,Net Script Framework
18,Base Object Swapper
19,Keyword Item Distributor
20,Custom Skills Framework
21,Time Format Changer
22,dTry's Key Utils
23,Spell Perk Item Distributor
24,1.2 BUG FIXES & TWEAKS_separator
25,SSE Engine Fixes
26,Bug Fixes
27,SSE Fixes
28,SSE Display Tweaks
29,Mfg Fix
30,Dead Body Cleanup Script Crash Fix
31,Chillwind Depths CTD Fix
32,Dragon Mounds CTD Fix
33,Scrambled Bugs
34,Survival Mode Prompt Removed
35,Recursion Fix
36,Powerofthree's Tweaks
37,Powerofthree's Tweaks - Settings
38,Papyrus Tweaks NG
39,Papyrus Tweaks NG - Settings
40,Unofficial Skyrim Special Edition Patch
41,Unofficial Skyrim Creation Club Content Patch
42,1.3 ALTERNATE START_separator
43,Skyrim Unbound Reborn
44,Skyrim Unbound Nolvus Preset
45,2.1 HUDS_separator
46,Sky UI
47,MCM Helper
48,SkyHUD
49,UI Extensions
50,Infinity UI
51,Add Item Menu
52,True HUD
53,moreHUD
54,moreHUD - Settings Loader
55,moreHUD - Nolvus Settings
56,moreHUD - Inventory Edition
57,NORDIC UI - Interface Overhaul
58,NORDIC UI - Better Scroll Bar - SkyUI
59,NORDIC UI - Better Scroll Bar - Crafting menu
60,NORDIC UI - Miscellaneous Patches
61,NORDIC UI - Compass Markers Restored
62,NORDIC UI - Markers
63,NORDIC UI - Sleep Wait Menu
64,NORDIC UI - True HUD Preset
65,NORDIC UI - Nolvus Settings
66,NORDIC UI - Clean StartMenu
67,Contextual Crosshair
68,Toggle Compass
69,Compass Navigation Overhaul
70,Compass Navigation Overhaul - NORDIC UI Skin
71,QuickLoot EE
72,QuickLoot EE - Settings Loader
73,QuickLoot EE - Nordic UI Patch
74,A Matter Of Time
75,A Matter Of Time - Settings Loader
76,A Matter Of Time - Nolvus Settings
77,A Matter Of Time - Seasons
78,Widget Mod
79,Widget Mod - Settings Loader
80,Widget Mod - Nolvus Settings
81,Widget Mod - Elden Ring
82,Oxygen Meter 2
83,Oxygen Meter 2 - Nordic UI Patch
84,Detection Meter
85,Detection Meter - SkyAltert Redesign
86,iEquip
87,iEquip - Settings Loader
88,iEquip - Nolvus Settings
89,Easy Wheel Menu
90,Easy Wheel Menu - Settings Loader
91,Easy Wheel - Nolvus Settings
92,iWant Widgets
93,Better Third Person Selection
94,Better Third Person Selection - Nolvus Settings
95,Stay At System Page
96,Whose Quest Is It Anyway
97,Gold To Septims - Weightless
98,Custom Skill Menu
99,Custom Skill Menu - Basic Icon Pack
100,Custom Skill Menu - NORDIC UI
101,Horse Stamina HUD
102,Show Player In Menus
103,Show Player in Menus - Nolvus Settings
104,Floating Damage
105,Floating Damage - Preset
106,Inventory Interface Information Injector
107,Inventory Interface Information Injector - Patch
108,SkyUI Weapons Pack Icons
109,Object Categorization Framework
110,The Handy Icon Collection Collective
111,B.O.O.B.I.E.S (aka Immersive Icons)
112,A.S.S. (A Food and Alchemy Addon for B.O.O.B.I.E.S.)
113,Phenomenally Enriched and Nuanced Ingredients for SkyUI
114,2.2 HOTKEYS_separator
115,Extended Hotkey System
116,UI-Integrated Hotkeys System
117,2.3 SCREEN FONTS & MAP_separator
118,HD Local Map
119,Atlas Map Markers
120,Atlas Map Markers - Discrepancy's Greenwood Shack Patch
121,Sovngarde - Mist's Font Replacer Light
122,Font Overhaul - Natural Typefaces
123,Skyrim SE Skill Interface Re-Texture
124,The Elder Scrolls Legends - Loading Screens
125,The Elder Scrolls Legends - Loading Screens - Textures [2K]
126,The Last Dovahkiin - Main Menu Redesign
127,Unread Books Glow
128,2.4 CHARACTER_separator
129,RaceMenu Special Edition
130,RaceMenu Special Edition - Hotfix
131,RaceMenu High Heels Fixes
132,Player Rotation in ShowRaceMenu
133,3. MUSIC & SOUNDS_separator
134,Still - Skyrim Inspired Music
135,Chapter II - Jeremy Soule Inspired Music
136,Melodies of Civilization
137,Hun - Lovaas
138,Nyghtfall Music
139,The Northerner Diaries
140,The Elder Songs
141,Songs to Play Skyrim
142,BA Bard Songs
143,Nolvus Ascension - Music Patch
144,Audio Overhaul for Skyrim
145,Immersive Sounds - Compendium
146,Immersive Sounds - Audio Overhaul Patch Redux
147,Immersive Sounds - Creation Club Armours
148,Sounds of Skyrim Complete
149,Phoenix Compendium
150,Thundering Shouts
151,Improved River Sound
152,Louder Nature - Birds and Insects
153,Authentic Wolf Howls and Aggro
154,More Painful NPC Death Sounds
155,More Painful NPC Death Sounds - Update
156,NPC Dialogue Audio Enhancer
157,The Elder Scrolls Theme Mashup
158,Yggdrasil SoundFX
159,Epic UI Audio
160,Meridia Revoiced
161,New Game Sound on Continue
162,Sound Fix for Large Sector Drives
163,Bleeding Edge - Bladed Weapons SFX Overhaul
164,Bleeding Edge - Sword Alternative
165,Skullbreaker - Blunt Weapons SFX
166,Bulwark - Shield Audio Overhaul
167,Deathrattle - Maximum Carnage Audio Replacer
168,Combat Music Fix
169,Nolvus Ascension - Sound Patch
170,4. DLC MODS QUESTS & CONTENT ADDONS_separator
171,Legacy of the Dragonborn
172,Legacy of the Dragonborn - Sunder and Wraithguard
173,Legacy of the Dragonborn - Creation Club Patch
174,Legacy of the Dragonborn - The Curators Companion
175,Legacy of the Dragonborn - Museum Exterior Fixes
176,Legacy of the Dragonborn - Player Homes
177,Legacy of the Dragonborn - Player Homes - Curator Patch
178,Legacy of the Dragonborn - Hall of Forgotten
179,Legacy of the Dragonborn - Hall of Forgotten - TCC
180,Legacy of the Dragonborn - Collectors
181,Beyond Skyrim - Assets
182,Beyond Skyrim - Bruma
183,Beyond Skyrim - Bruma Hotfix
184,Beyond Skyrim - DLC Integration
185,Legacy of the Dragonborn - Bruma Synergy Patch
186,Legacy of the Dragonborn - Bruma Synergy Patch - HoF Display
187,Legacy of the Dragonborn - Bruma Synergy Patch - Curator
188,Wyrmstooth
189,Wyrmstooth - Optimized Textures
190,Wyrmstooth - WoW Dragon Mounds CTD Fix Patch
191,The Wheels of Lull
192,Vigilant
193,Vigilant - English Voices Addon
194,Unslaad
195,Unslaad - English Voices Addon
196,Unslaad - Starting Requirements
197,Unslaad - Unofficial Legacy of the Dragonborn Patch
198,The Forgotten City
199,The Forgotten City - Music Patch
200,Immersive World Encounters
201,Sidequests of Skyrim
202,Cutting Room Floor
203,Project AHO
204,Project AHO - ESM Flag Edition
205,Project AHO - Parallax Patch
206,Project AHO - Bugfix and Improvement
207,Project AHO - CRF Spell Crafting Patch
208,Project AHO - ENB Patch
209,Project AHO - Start when you want
210,Konarik's Accoutrements
211,Konarik's Accoutrements - Upscaled Textures
212,College of Winterhold - Quest Expansions
213,Undeath Remastered
214,Undeath Remastered - Facegen Data Patch
215,Undeath - Classical Lichdom
216,Undeath - Classical Lichdom - Cleaned and Enhanced Textures [2K]
217,The Sinister Seven
218,The Sinister Seven Patch - LOTD Patch
219,Carved Brink
220,Carved Brink - Unofficial Patch
221,Darkend
222,Nolvus Ascension DLC Patch
223,5.1 BASE TEXTURES & MODELS_separator
224,Particle Patch for ENB
225,Static Mesh Improvement Mod
226,Static Mesh Improvement Mod - Quality Addon
227,Skyrim Landscape and Water Fixes
228,Unofficial Material Fix
229,Assorted Mesh Fixes
230,Assorted Mesh Fixes Parallax
231,Assorted Bruma Mesh Fixes
232,Dlizzio's Mesh Fixes
233,Dlizzio's Mesh Fixes - Parallax Mesh Patch
234,Assorted Mesh Fixes - Unofficial Material Fix Patch
235,SMIM - Quality Addon - Unofficial Material Fix Patch
236,Ruins Clutter Improved
237,Ruins Clutter Improved - Fixes
238,Noble Skyrim
239,Noble Skyrim - SMIM Patch
240,Noble Skyrim - Material Fix
241,Skyrim 202X [2K]
242,Skyrim 202X [2K] - Update
243,Nolvus Ascension Visual Base Patch
244,5.2 LODS_separator
245,DynDOLOD Resources
246,DynDOLOD - DLL - NG + Scripts
247,HD Lods Textures
248,HD Lods Textures - Dlizzio's Mesh Fixes Patch
249,5.3 LANDSCAPE_separator
250,Blended Roads
251,Blended Roads Meshes
252,Blended Roads Redone 4K
253,Blended Roads Redone Bridges 8K
254,Skyrim Terrain Parallax
255,Skyrim 2020 - Wet Mud texture alternatives [2K]
256,Landscape Fixes For Grass Mods
257,Landscape Fixes For Grass Mods - CRF Patch
258,Landscape Seam Fixes
259,Rally's Solstheim Landscapes [2K]
260,Rally's Solstheim Landscapes - Complex Terrain Parallax [2K]
261,Seasonal Landscapes
262,Rudy - More dramatic Red Mountain Plume
263,Blended Roads - Parallax
264,5.4 ICE SNOW & ASHES_separator
265,Skyrim Remastered - Glaciers and Ice
266,Skyrim Remastered - Glaciers and Ice LODs
267,Transparent and refracting Icicle and Frost Atronach
268,Refracting Ice Form Debris
269,Simplicity of Snow
270,Simplicity of Snow - Parallax Meshes
271,CG4 Snow Effects
272,Better Dynamic Ash
273,Footprints
274,Footprints - Sand Patch
275,Footprints - Vigilant Patch
276,Footprints - Soul Cairn Patch
277,Animated Ice Floes
278,5.5 MOUNTAINS & ROCKS_separator
279,Majestic Mountains Main
280,Majestic Mountains - More Accurate Collision
281,Majestic Mountains - Simplicity of Snow Patch
282,Skyrim - A Mountainous Experience
283,Majestic Mountains - More Accurate Collision - AME Patch
284,Majestic Mountains - Lods
285,Northfires Photoreal Mountains 3 for Majestic Mountains [4K]
286,HD Stone Quarry and Clay Deposit [2K]
287,Nolvus Ascension Mountains Patch
288,Northfire's Dirtcliffs - Parallax
289,5.6.1 TREES & BARK_separator
290,Nature of the Wild Lands
291,Nature of the Wild Lands - Quercus
292,Skyrim 3D Trees and Plants
293,Happy Little Trees
294,Happy Little Trees - 3D Lods
295,Blubbo Tree Pine Forest Dead
296,Blubbo Pines
297,Blubbo Pines 2022 v3
298,Blubbo Pines 2022 v3 (Set 1)
299,Blubbo Snow Pines
300,Treerific
301,Aspens Ablaze
302,Aspens Ablaze Seasons
303,Blubbo Seasonal Aspen Replacer
304,Blubbo Seasonal Aspen Replacer [2K]
305,Blubbo Reach Tree Replacer
306,Blubbo Reach Cliff Tree Replacer
307,Reach Tree Fixes for Blubbos Tree Replacer for Reach
308,Bent Pines II
309,Bent Pines II - Seasons
310,Immersive Fallen Trees
311,Immersive Fallen Trees Patch
312,Removing Ugly Details from Logs
313,Remove Hanging Moss From Trees
314,Alpine Forest of Whiterun Valley
315,Nolvus Ascension Trees Addon
316,Nolvus Ascension Seasonal Tree Mashup
317,Dense Nordic Forests
318,5.6.2 GRASS_separator
319,Mixed Grass
320,Tamrielic Grass
321,Tamrielic Grass - ENB Complex Grass
322,Veydosebrom Regions
323,Folkvangr - Grass and Landscape Overhaul
324,Folkvangr - Summer Tundra
325,Folkvangr - Summer Tundra - ENB Complex Grass
326,Origins Of Forest - 3D Forest Grass
327,Origins Of Forest - 3D Forest Grass - ENB Complex Grass
328,Cathedral - 3D Pine Grass - Full 3D Coverage
329,Cathedral - 3D Pine Grass - ENB Complex Grass
330,Less Ugly Tundragrass
331,Nolvus Ascension Seasonal Grass Mashup
332,No Grass in Objects
333,5.6.3 PLANTS_separator
334,Unique Flowers and Plants
335,Unique Flowers and Plans - ESL
336,Seasonal Unique Flowers and Plants
337,Rallys Hanging Moss
338,Waterplants
339,Seasonal Water Lilies
340,Animated Water Lily
341,HD Photorealistic Ivy
342,Cathedral Mushrooms
343,Rallys Blackreach Mushroom [2K]
344,Rudy HQ - Falling Leaves and Needles
345,Rally's Solstheim Plants [2K]
346,Rally's Solstheim Plants LOD
347,High Poly Gleamblossoms
348,Cathedral - 3D Snow Berries
349,Cathedral - 3D Mountain Flowers
350,Cathedral - 3D Mountain Flowers - Hearthfire Patch
351,Cathedral - 3D Mountain Flowers - Landscape and Water Fix
352,Cathedral - 3D Mountain Flowers - Legacy of The Dragonborn Patch
353,Cathedral - 3D Mountain Flowers - Lotd Player Homes Patch
354,Cathedral - 3D Thistle
355,Cathedral - 3D Lavender
356,Cathedral - 3D Clovers
357,Cathedral - 3D Tundra Cotton
358,Nightshade by Mari
359,Jazbay by Mari [2K]
360,Swamp fungal pod by Mari [2K]
361,Juniper by Mari [2K]
362,Spiky grass by Mari [2K]
363,Ivy Replacer for walls
364,Improved Gourds
365,Yellow Shrub Replacer - Seasons [2K]
366,Fall Forest Shrub Replacer - Seasons [2K]
367,Vine Maple Redone [2K]
368,Nolvus Ascension Seasonal Plant Mashup
369,Nolvus Ascension Flora Patch
370,Flowers and plants mesh fix SE
371,5.7 WEATHERS_separator
372,Seasons of Skyrim
373,Simplicity of Seasons
374,Seasons of Nolvus
375,Seasonal Weathers Framework
376,Four Seasons - Faster Seasons of Skyrim
377,Obsidian Mountain Fogs Tweaked
378,Natural Atmospheric Tamriel III
379,Natural Atmospheric Tamriel III - Audio Patch
380,Natural Atmospheric Tamriel III - Seasonal Weathers
381,Supreme Blizzards
382,Supreme and Volumetric Fog
383,Wet and Cold
384,Wet and Cold - Gear
385,Wet and Cold - Settings Loader
386,Wet and Cold - Nolvus Settings
387,Wet And Cold - Creation Club Patch
388,R.A.S.S. - Rain Ash And Snow Shaders
389,R.A.S.S. - Rain Ash And Snow Shaders - Settings Loader
390,R.A.S.S. - Rain Ash And Snow Shaders - Nolvus Settings
391,R.A.S.S. - Wet and Cold patch
392,Morning Fogs
393,Morning Fogs - Seams Fix
394,Storm Lightning
395,Storm Lightning - Settings Loader
396,Storm Lighting - Nolvus Settings
397,Splashes of Storms
398,Splashes of Storms - ENB Fix
399,Nolvus Ascension Weathers Patch
400,5.8 SKY_separator
401,Shooting Stars
402,Rainbows
403,Praedy's Sky AIO [2K]
404,Better Moons
405,Bigger Moons
406,Shadows Of Sunlight
407,5.9 WATER_separator
408,Wavy Waters
409,Rapid Rocks
410,GKB Waves Reborn
411,Water in Wash Basins
412,WiZkiD Wells with Real Water
413,Wade In Water
414,Wade In Water - Redone
415,Water Effects Brightness and Reflection Fix
416,Splashes of Skyrim
417,Natural Waterfalls
418,5.10.1 NPC's RESSOURCES_separator
419,Apachii Sky Hair
420,Apachii Sky Hair - Female
421,Apachii Sky Hair - Male
422,Modpocalypse NPCs - Resources
423,High Poly Head
424,KS Hairdos
425,Caliente's Beautiful Bodies Enhancer
426,CBPC - Physics with Collisions
427,Caliente's Beautiful Bodies Enhancer - 3BA
428,3BA CC BodySlides
429,Unslaad 3BA Bodyslide
430,Vigilant 3BA Bodyslide
431,Expressive Facegen Morphs
432,Expressive Facial Animation - Female Edition
433,Expressive Facial Animation - Male Edition
434,Tempered Skins for Females
435,Tempered Skins for Males - Nude Version
436,Skin Feature Overlays
437,Feminine Khajiit Textures [2K]
438,Masculine Khajiit Textures [2K]
439,Female Dragonic Argonian Textures [2K]
440,Male Dragonic Argonian Textures [2K]
441,Hvergelmir's Aesthetics - Beards [2K]
442,Hvergelmir's Aesthetics - Brows
443,SG Female Eyebrows
444,Beards of Power
445,Mikan Eyes
446,The Eyes of Beauty
447,The Eyes of Beauty - Vampire Eyes
448,BodySlide and Outfit Studio
449,Community Overlays 1 - Main - CBBE [2K]
450,Community Overlays 2 - Main - CBBE and Male
451,Community Overlays 3 - Main - CBBE and Male
452,Kimiko - Nord Racemenu Preset
453,R246 - Nord Racemenu Preset
454,Khinara Jade - Nord Racemenu Preset
455,Evelyn - Nord Racemenu Preset
456,Evelyn - Nord Racemenu Preset - Human Ears
457,Ciara - Nord Racemenu Preset
458,Caramella - Nord Racemenu Preset
459,Vercella - Imperial Racemenu Preset
460,Kuro Nyr - Imperial Racemenu Preset
461,Ari - Breton Racemenu Preset
462,Esme - Wood Elf Racemenu Preset
463,Xaza - Dark Elf High Racemenu Preset
464,Ragnar - Nord Racemenu Preset
465,Ragtag - Feminine Racemenu Presets
466,Ragtag - Masculine Racemenu Presets
467,TATSU - Dark Elf Male Preset
468,Lavitz - Imperial Male Half Elf
469,Scar - Redguard Male Preset
470,The Druid - Wood Elf Female Preset
471,The Breton - Half Elf Male Preset
472,Waylander - Imperial Male Preset
473,IFIRIT - Nord Male Preset
474,Miggyluv's Presets - Morten Nord Preset
475,Miggyluv's Presets - Agronak (Orc)
476,Miggyluv's Presets - Gorak (Orc)
477,RaceMenu Animated Overlays
478,5.10.2 ADDED NPC's_separator
479,Immersive Wenches
480,Immersive Wenches - Player Dialogue Rewritten
481,Interesting NPCs 3DNPC
482,Interesting NPCs 3DNPC - Update
483,Interesting NPCs 3DNPC - Cutting Room Floor Patch
484,Interesting NPCs 3DNPC - Legacy of the Dragonborn Patch
485,Citizens of Tamriel
486,Travellers of Skyrim
487,5.10.3 FOLLOWERS_separator
488,Inigo
489,Lucien
490,Lucien - Creation Club Patch
491,Lucien - Beyond Skyrim - Bruma Patch
492,Crea's Party
493,Katarina
494,Toccata
495,Meeko Reborn
496,Eryniel
497,Njal
498,Galendor
499,Ivar
500,Allura Combat Sorcerer
501,5.10.4 NPC's VISUAL OVERHAULS_separator
502,Modpocalypse NPCs - All Vanilla NPCs
503,Modpocalypse NPCs - Patch Collection
504,Modpocalypse NPCs - Legacy of the Dragonborn
505,Modpocalypse NPCs - Immersive World Encounters
506,Modpocalypse NPCs - Wyrmstooth
507,Modpocalypse NPCs - The Forgotten City
508,Modpocalypse NPCs - Cutting Room Floor
509,Modpocalypse NPCs - Project AHO
510,Modpocalypse NPCs - Immersive Wenches
511,Modpocalypse NPCs - Citizens of Tamriel
512,Modpocalypse NPCs - Carved Brink
513,Travellers of Skyrim - High Poly NPC Patch
514,Lucien Replacer - Ella's Version
515,Lucien Replacer - Ella's Version - ESL
516,Pride of Skyrim All In One
517,Pride of Skyrim All In One - Merged
518,Cuyima Interesting NPCs
519,Pandorable's NPCs
520,Pandorable's NPCs - Dawnguard
521,Pandorable's NPCs - Dragonborn
522,Pandorable's NPCs - All In One
523,Pandorable's Serana
524,Pandorables Serana - CBBE
525,Pandorable's Valerica
526,Pandorable's Serana - Valerica - All In One
527,Serana Dialogue Add-On
528,Bijin Warmaidens
529,Bijin Warmaidens - Custom Body
530,Bijin NPCs
531,Bijin NPCs - Custom Body
532,Bijin Wives
533,Bijin Wives - Custom Body
534,Bijin All In One
535,Bijin Family - CBBE 3BA Bodyslides
536,Beards of Power - Greybeards Replacer
537,Aesthetic Elves
538,BeastHHBB - Khajiit and Argonian Content
539,BeastHHBB - Patches and Addons
540,RS Children Overhaul
541,RS Children Overhaul - Forgotten City
542,RS Children Overhaul - Cutting Room Floor Patch
543,RS Children Overhaul - Interesting NPCs Patch
544,RS Children Overhaul - Clothing Fix
545,RS Children Overhaul - Citizens of Tamriel Patch
546,RS Children Overhaul - College Quest Expansion Patch
547,Vigilant - Character Overhaul
548,Nolvus Ascension NPC Patch
549,5.11.1 CITIES_separator
550,The Great Cities - Resources
551,Dawn of Skyrim Director's Cut
552,Dawn of Skyrim Director's Cut - Modpocalypse NPCs
553,Dawn of Skyrim Director's Cut - Rob's Bug Fixes
554,Rustic Window
555,More Trees in Cities
556,City Trees
557,WHITERUN_separator
558,Fortified Whiterun
559,Fortified Whiterun - Rob's Bug Fixes
560,Fortified Whiterun - Dawn of Skyrim Patch
561,Fortified Whiterun - Steps to the Cloud District Fix
562,Fortified Whiterun - Cloud District Terrain Fix
563,3D Whiterun Trellis
564,FYX - 3D Whiterun Tree Circle
565,FYX - 3D Whiterun Castle Bridge
566,FYX - 3D Whiterun Guard Towers
567,FYX - Fortified Whiterun Consistency
568,FYX - 3D Whiterun Drawbridge Gate - Parallax
569,FYX - 3D Whiterun Scaffold
570,3D Trellis Improved - Gildergreen Plaza
571,Whiterun Trees - DOS
572,Epic Gate of Whiterun [2K]
573,Temple of Kynareth Redone [2K]
574,Temple of Kynareth Redone - Parallax Addon
575,Rallys Kynareth Mosaic
576,Pompous Dragonsreach Door [2K]
577,Blubbos Whiterun Lanterns
578,Hall of the Dead Stained Glass Windows
579,Lanterns for Fortified Whiterun
580,Little Touches for Whiterun - Outside
581,SOLITUDE_separator
582,HQ Solitude [2K]
583,FYX - 3D Solitude SighPost
584,Solitude Objects SMIMed - Festival Ropes
585,Solitude Objects SMIMed - Solitude Well
586,Solitude Objects SMIMed - Castle Dour Spire
587,Solitude Docks
588,Solitude Docks - RS Children Patch
589,Solitude Docks - Rob's Bug Fixes
590,Illuminated Blue Palace Dome
591,Solitude Ivy Replacer [2K]
592,Rally's Manhole of Solitude
593,Glorious Solitude Door [2K]
594,Glorious Solitude Door Replacer [2K]
595,Solitude Towers Flags
596,3D Solitude Trellis
597,Stones of Solitude - Better Blended Rock Piles
598,Dlizzio's Mesh Fixes Solitude Patches
599,Skyland Solitude
600,Skyland - Solitude - Parallax
601,RIFTEN_separator
602,WiZkiD Riften and Ratway Parallax [2K]
603,Magnificent Riften Door Replacer [2K]
604,Magnificent Riften Mistveil Keep Door [2K]
605,Elis Atrocious Riften Texture Fix
606,Riften Docks Overhaul
607,Riften Docks Overhaul - Rob's Bug Fixes
608,Riften Docks Overhaul - SMIM Patch
609,Riften Bathhouse
610,Deadly Shadows in Riften
611,Make Your Riften
612,FYX - Riften Canal and Round Posts
613,Consistency of windows in Riften
614,MARKARTH_separator
615,Skyland - Markarth
616,Markarth Braziers Improved
617,Markarth Outskirts
618,Markarth Outskirts - Flora Patch
619,Blubbos Markarth 2022
620,WINDHELM_separator
621,Icy Windhelm
622,Windhelm Entrance Fix
623,Marvelous Windhelm Gate [2K]
624,Marvelous Windhelm Door Replacer [2K]
625,Windhelm Lighthouse
626,Windhelm Bridge Archways and Doors
627,Windhelm Fences 3D [2K]
628,Windhelm Brazier Replacer
629,FYX - Windhelm Stable Roof
630,Gray Quarter Overhaul
631,JK's Windhelm Outskirts
632,JK's Windhelm Outskirts Patch Collection
633,Nolvus Ascension Cities Patch
634,5.11.2 TOWNS & VILLAGES_separator
635,Expanded Towns and Cities
636,The Great Town of Shor's Stone
637,The Great Town of Shor's Stone - Rob's Bug Fixes
638,The Great Town of Shor's Stone - Modpocalypse NPCs
639,The Great Town of Shor's Stone Patch Collection
640,The Great Town of Ivarstead
641,The Great Town of Ivarstead - Rob's Bug Fixes
642,The Great Town of Ivarstead - Modpocalypse NPCs
643,The Great Town of Ivarstead Patch Collection
644,The Great Village of Kynesgrove
645,The Great Village of Kynesgrove - Rob's Bug Fixes
646,The Great Village of Kynesgrove - Modpocalypse NPCs
647,The Great Village of Kynesgrove Patch Collection
648,The Great Town of Karthwasten
649,The Great Town of Karthwasten - Rob's Bug Fixes
650,The Great Town of Karthwasten - Modpocalypse NPCs
651,The Great Town of Karthwasten Patch Collection
652,The Great Village of Old Hroldan
653,The Great Village of Old Hroldan - Rob's Bug Fixes
654,The Great Village of Old Hroldan - Modpocalypse NPCs
655,The Great Village of Old Hroldan Patch Collection
656,The Great Village of Mixwater Mill
657,The Great Village of Mixwater Mill - Rob's Bug Fixes
658,The Great Village of Mixwater Mill - Modpocalypse NPCs
659,The Great Village of Mixwater Mill - 3DNPC Patch
660,The Great Village of Mixwater Mill Patch Collection
661,The Great City of Rorikstead
662,The Great City of Rorikstead - Rob's Bug Fixes
663,Cities of the North - Dawnstar
664,Cities of the North - Dawnstar - Partitioned Meshes for Lighting
665,Cities of the North - Dawnstar - Skyrim Unbound Patch
666,Cities of the North - Dawnstar Patch Collection
667,Cities of the North - Morthal
668,Cities of the North - Morthal - Rob's Bug Fixes
669,Cities of the North - Morthal - Partitioned Meshes for Lighting
670,Cities of the North - Morthal - Skyrim Unbound Patch
671,Cities of the North - Morthal Patch Collection
672,The Great City of Winterhold
673,The Great City of Winterhold Patch Collection
674,Cities of the North - Falkreath
675,Cities of the North - Falkreath - Rob's Bug Fixes
676,Cities of the North - Falkreath - Skyrim Unbound Patch
677,Cities of the North - Falkreath - Ladder Animations Add-On
678,Cities of the North - Falkreath Patch Collection
679,Cities of The North - Simplicity of Snow Patch
680,ClefJ's Dragon Bridge Enhanced
681,Illustrated Town Panels
682,Lainalten
683,Lainalten - Modpocalypse NPCs
684,Half-Moon Mill - Cities of the North Addon
685,Half-Moon Mill - Cities of the North Addon Patch Collection
686,Anga's Mill - Cities of the North Addon
687,Anga's Mill - Cities of the North Addon Patch Collection
688,The Great Settlement of Darkwater Crossing
689,The Great Settlement of Darkwater Crossing Patch Collection
690,Sunthgat
691,Sunthgat - Modpocalypse NPCs
692,Oakwood
693,Oakwood - Modpocalypse NPCs
694,Reich Corigate
695,Reich Corigate - Modpocalypse NPCs
696,Granite Hill Village
697,Granite Hill Village - Modpocalypse NPCs
698,Amber Guard
699,Amber Guard - Modpocalypse NPCs
700,Amber Guard - RS Children Patch
701,Dunpar Wall
702,Dunpar Wall - Modpocalypse NPCs
703,Riften Extension Southwoods District
704,Riften Extension Southwoods District - Modpocalypse NPCs
705,Riften Extension Southwoods District - Rob's Bug Fixes
706,Riften Extension Southwoods District - RS Children Patch
707,Nolvus Ascension Towns Patch
708,5.11.3 FARMHOUSES_separator
709,WiZkiD Parallax Farmhouses [2K]
710,Farmhouse Stonewall with Complex Parallax
711,SD's Farmhouse Fences [2K]
712,CC's HQ Carts [2K]
713,CC's HQ Buckets [2K]
714,HD Wheat
715,Iconic's Real Hay - Redux
716,R's Windmill
717,R's Windmill - DynDOLOD patch
718,5.11.4 PLAYER HOME_separator
719,Eli's Breezehome Overhaul
720,Eli's Breezehome Overhaul - LoTD - Vanilla Player Homes Displays
721,JK's Riverfall Cottage Family Edition
722,Ruska
723,Sicarius' Refuge
724,Wind Path
725,Crystalwind Estate
726,Elysium Estate
727,Hjertesten Hall
728,Nolvus Ascension Player Home Patch
729,5.11.5 OTHER LOCATIONS_separator
730,CleverCharff's Raven Rock HD [2K]
731,CleverCharff's Forgotten Vale [2K]
732,CleverCharff's Fort Dawnguard [2K]
733,CleverCharff's SkyHaven HD [2K]
734,CleverCharff's Soul Cairn [2K]
735,CleverCharff's High Hrothgar [2K]
736,Skyrim 3D High Hrothgar Steps
737,CleverCharff's Sovngard [2K]
738,CleverCharff's Apocrypha [2K]
739,Near Vanilla Project - College of Winterhold Floor
740,This Is Jorrvaskr
741,This Is Jorrvaskr - Dawn of Skyrim Patch
742,This Is Jorrvaskr - Sounds of Skyrim Patch
743,5.12.1 LANDS_separator
744,Covered Bridges of Skyrim
745,Drinking Fountains of Skyrim
746,Drinking Fountains of Skyrim - Cities of the North - Dawnstar Patch
747,Drinking Fountains of Skyrim - The Great Town of Karthwasten Patch
748,Hold Border Banners
749,Man Those Borders Reborn
750,Road Signs Overhaul
751,My Road Signs are Beautiful
752,Fortified Animated Fort Doors [2K]
753,Skyrim 3D Signs
754,Missives
755,Missives - Solstheim Patch
756,Missives - Wyrmstooth Patch
757,Missives - Bruma Patch
758,Missives - Dawn of Skyrim Patch
759,Missives Notes Retexture
760,Missives Notes Retexture - Solstheim Patch
761,Missives Notes Retexture - Bruma Patch
762,Solitude Temple Frescoes - Complete
763,Interesting Roads
764,Sepolcri - A Complete Burial Sites Overhaul
765,Sepolcri - Cutting Room Floor Patch
766,Sepolcri - Dawn of Skyrim Patch
767,WiZkiD Parallax Imperial Forts
768,Skyrim Trading Posts Remastered
769,Skyrim Trading Posts Remastered - Cutting Room Floor Patch
770,Ryn's Lady Stone
771,Ryn's Lover Stone
772,Ryn's Steed Stone
773,Ryn's Tower Stone
774,Ryn's Lord Stone
775,Ryn's Shadow Stone
776,Ryn's Apprentice Stone
777,Ryn's Serpent Stone
778,Ryn's Atronach Stone
779,Ryn's Ritual Stone
780,Ryn's Lund's Hut
781,Ryn's Anise's Cabin
782,Ryn's Saarthal
783,Ryn's White River Watch
784,Ryn's Halted Stream Camp
785,Ryn's Secunda's Kiss
786,Ryn's Bleakwind Basin
787,Ryn's Bleakwind Basin - USSEP Patch
788,Ryn's Goldenglow Estate
789,Ryn's Bleak Falls Tower
790,Ryn's Crabber's Shanty and Titanclaw Lair
791,Ryn's Alchemist's Shack
792,Ryn's Valtheim Towers
793,Ryn's Bleak Falls Barrow
794,Ryn's Loreius Farm
795,Ryn's Sarethi Farm
796,Tundra Overhaul Tree And Ruins
797,Nolvus Ascension Land Patch
798,5.12.2 RUINS_separator
799,CleverCharff's Nordic Ruins [2K]
800,Rustic Relief
801,Rustic Relief - Parallax
802,Gorgeous Ruin Door [2K]
803,Tower Ruins Retexture
804,5.13 INTERIORS_separator
805,Dungeons - Revisited
806,Skyrim Underground
807,Skyrim Underground - Add-On
808,Icy Mesh Remaster
809,Discrepancy Ice Fix for CC Caves
810,CC's HQ Caves
811,CC's HQ Caves Parallax
812,CC's HQ Mines Redone
813,CC's HQ Mines Redone Parallax
814,Skyland Landscapes Parallax
815,Underground - a dungeon texture overhaul
816,Underground - Complex Parallax Addon
817,CC's HQ Barset
818,Distinct interior
819,Distinct Interiors - Fixes
820,The Distinct Cities of the North Interiors
821,The Distinct Great Old Hroldan Inn
822,The Distinct Great Ivarstead Interiors
823,The Distinct Great Kynesgrove Interiors
824,JK's Dragonsreach
825,RedBag's Dragonsreach
826,Redbag's Dragonsreach - JK's Patch
827,JK's The Winking Skeever
828,The Distinct JK's Winking Skeever
829,JK's Angeline's Aromatics
830,JK's Bits and Pieces
831,The Distinct JK's Bits and Pieces
832,JK's Radiant Raiment
833,The Distinct JK's Radiant Raiment
834,JK's Sleeping Giant Inn
835,The Distinct JK's Sleeping Giant Inn
836,JK's The Bannered Mare
837,The Distinct JK's Bannered Mare
838,JK's Arcadia's Cauldron
839,The Distinct JK's Arcadia's Cauldron
840,JK's Warmaiden's
841,JK's Belethor's General Goods
842,The Distinct JK's Belethor's General Goods
843,JK's The Drunken Huntsman
844,The Distinct JK's Drunken Huntsman
845,JK's White Phial
846,JK's Sadris Used Wares
847,The Distinct JK's Sadri's Used Wares
848,JK's New Gnisis Cornerclub
849,The Distinct JK's New Gnisis Cornerclub
850,JK's Palace of the Kings
851,JK's Blue Palace
852,Drengin's Blue Palace Terrace
853,Modular Blue Palace Terrace and Solitude Patches
854,JK's Blue Palace Terrace
855,LOTD Museum Dress-Up for Blue Palace Terrace
856,Blue Palace Frescoes Simplified
857,JK's Elgrims Elixirs
858,JK's The Bee and Barb
859,JK's The Bee and Barb - Riften Bathhouse Patch
860,JK's The Bee and Barb - Consistency of windows in Riften Patch
861,The Distinct JK's Bee and Barb
862,JK's The Pawned Prawn
863,JK's The Pawned Prawn - Riften Docks Overhaul Patch
864,The Distinct JK's Pawned Prawn
865,JK's The Ragged Flagon
866,The Distinct JK's Ragged Flagon
867,JK's Mistveil Keep
868,JK's The Temple of Mara
869,The Distinct JK's Temple of Mara
870,JK's Silver-Blood Inn
871,JK's Arnleif and Sons Trading Company
872,The Distinct JK's Arnleif and Sons Trading Company
873,JK's The Hag's Cure
874,JK's Riverwood Trader
875,The Distinct JK's Riverwood Trader
876,JK's Understone Keep
877,JK's Candlehearth Hall
878,The Distinct JK's Candlehearth Hall
879,JK's Temple of Dibella
880,The Distinct JK's Temple of Dibella
881,JK's Temple of Kynareth
882,JK's Temple of Talos
883,JK's Temple of the Divines
884,Dunmeri Furniture in Gray Quarter
885,JK's Haelga's Bunkhouse
886,JK's Haelga's Bunkhouse - Consistency of windows in Riften Patch
887,The Distinct JK's Haelga's Bunkhouse
888,JK's Jorrvaskr
889,JK's High Hrothgar
890,JK's Sky Haven Temple
891,JK's Septimus Signus's Outpost
892,JK's Sinderion's Field Laboratory
893,JK's Castle Dour
894,JK's The Bards College
895,JK's College of Winterhold
896,JK's Interiors Patch Collection
897,JKs Guild HQ Interiors Patch Collection
898,GG's Thieves Guild Headquarters
899,GG's Thieves Guild Headquarters Patch Collection
900,Peltapalooza
901,Rugnarok
902,Sigils of Skyrim - Banners
903,Thrones of Skyrim
904,Store Entrance Doorbells
905,Snazzy Furniture and Clutter Overhaul
906,Legacy Safehouse Plus
907,Nolvus Ascension Interiors Patch
908,Skyland Icy Mesh Patch
909,5.14.1 ARMORS_separator
910,aMidianBorn Book of Silence
911,Frankly HD Dawnguard Armor and Weapons [2K]
912,Frankly HD Dawnguard Armor and Weapons - CBBE
913,Frankly HD Dragonbone and Dragonscale [2K]
914,Frankly HD Dragonbone and Dragonscale - Mesh patch
915,Frankly HD Imperial Armor And Weapons [2K]
916,Frankly HD Miraak [2K]
917,Frankly HD Miraak - CBBE
918,Frankly HD Nightingale Armor and Weapons [2K]
919,Frankly HD Nightingale Armor and Weapons - CBBE
920,Frankly HD Thieves Guild Armors [2K]
921,Dark Brotherhood Armor
922,Dark Brotherhood Armor - Color Variant
923,Dark Brotherhood Armor - Ancient Shrouded Armor Replacer
924,Dark Brotherhood Armor - CBBE 3BA
925,ElSopa HD - Steel Plate Armor [2K]
926,Daedric Armor and Weapons Improvment
927,Fur Armor Set
928,Fur Armor Set - Update
929,Guards Armor Replacer
930,Unplayable Faction Armor
931,Unplayable Faction Armor - Legacy of the Dragonborn Patch
932,Unplayable Faction Armor - Interesting NPCs Patch
933,Unplayable Faction Armor - Immersive Sound Patch
934,Unplayable Faction Armors - Vigilant Patch
935,New Legion
936,New Legion - HD Textures
937,Armor Variants Expansion
938,Armor Variants Expansion - CBBE
939,CC's UHD Stalhrim Weapons and Armor [2K]
940,ElSopa HD Shields Part I [2K]
941,Remiros' Chitin Armor HD [2K]
942,Remiros' Ancient Falmer Armor
943,Sithis Armour - HDT SMP
944,Nightingale Armor Replacer - HDT SMP
945,ESO Altmer Armor - HDT SMP
946,ESO Altmer Armor - HDT SMP - 3BA
947,Morag Tong Grandmaster Armor
948,Pratical Pirate
949,Pratical Pirate - CBBE
950,Pratical Pirate - HDT SMP
951,Armor of Intrigue
952,Rogue Sorceress Outfit - HDT SMP
953,Kozakowy's Falka Armor
954,Kozakowy's Falka Armor - Ultimate Edition
955,Kozakowy's Falka Armor - Metallic
956,Kozakowy's Falka Armor - 3BA
957,DX Ancient Draugr Outfit
958,DX Black Widow Outfit
959,DX Cassandra Apocrypha Robes
960,DX Cassandra Frost Witch Outfit
961,DX Celes Mercy Outfit
962,DX Celes Nightingale Outfit and Weapons
963,DX Celes Rogue Armor
964,DX Celes Tarot Outfit
965,DX Christmas Bunny Outfit
966,DX Crimson Blood Armor
967,DX Daedric Reaper Armor
968,DX Dark Knight Armor
969,DX Daughter of the Sea Armor
970,DX Demon Armor
971,DX Druid Armor
972,DX Gwelda Dawnguard Outfit
973,DX Gwelda Vampire Outfit
974,DX Gwelda Witch Outfit
975,DX Gwelda Red Riding Hood Outfit
976,DX Merta Assassin Outfit
977,DX Merta Black Rose Outfit
978,DX Morenn Outfit
979,DX Necromancer Robes
980,DX Sotteta Huntress Outfit
981,DX Sotteta Necromancer Outfit
982,DX Spartan Bard Outfit
983,DX Stella Mithril Armor
984,DX Tembtra Thief Outfit
985,DX Ursine Armor Pack
986,DX Wild Huntress Outfit
987,DX Witch Hunter Armor
988,DX Witcher Armor
989,DX Armors and Clothing 3BA Emporium Modular
990,Nibenean Armors and Outfit
991,Nibenean Armors and Outfit - 3BA
992,The Legends Breton Knight
993,The Legends Breton Knight - HDT SMP
994,Northern God Armor
995,Northern God Armor - Fixes
996,Northern God Armor - HDT SMP
997,Traveling Mage Armor
998,Traveling Mage Armor - HDT SMP
999,Traveling Mage Armor - Ultimate Edition
1000,Toxin Doctor Outfit
1001,Twilight Princess Armor Mashup
1002,Armors of the Velothi Pt.1
1003,Armors of the Velothi Pt.2
1004,Armors of the Velothi Pt.2 - Travelling Merchant Travels
1005,Triss Armor Retextured
1006,Silver Knight Armor
1007,Blackened Steel Weapon and Armour
1008,Sovereign's Slayer Armor - HDT SMP
1009,Sovereign's Slayer Armor - HDT SMP - CBBE BodySlide
1010,Sovereign's Slayer Armor - HDT SMP - CBBE Textures
1011,Stendarr Paladin Armor
1012,Three-eyed Swallow Armor
1013,Three-eyed Swallow Armor - HDT SMP
1014,Dremora Markynaz Armor
1015,Dremora Markynaz Armor - HDT SMP
1016,Dremora Markynaz Armor - HDT SMP - CBBE BodySlide
1017,Silver Armor
1018,Silver Armor - HDT SMP
1019,Dominion Armor
1020,Dominion Armor - ESL Flagged
1021,Dominion Armor - 3BA Bodyslide
1022,Regalia of the Scorned
1023,EGIL Shadow of Akavir
1024,EGIL Shadow of Akavir - Textures [2K]
1025,EGIL Shadow of Akavir - 3BA BodySlide
1026,Drifter Armor and Outfit [2K]
1027,Drifter Armor and Outfit - 3BA Bodyslide
1028,Grandmaster Ursine Armour - HDT SMP
1029,The School of Bear
1030,Inquisitor Armor
1031,Inquisitor Armor - 3BA Bodyslide
1032,Witcher Schools Armors
1033,Witcher Schools Armors - Bodyslide
1034,Viridian Knight Armor
1035,Viridian Knight Armor - Color Variations
1036,Wind Ruler Armor
1037,Wind Ruler Armor - Fixes
1038,Wind Ruler Armor - HDT SMP
1039,Aedes Battle Mage
1040,Zerofrost Ultimate Armor Collection
1041,Rogue Elegance
1042,Rogue Elegance - 3BA
1043,BDOR Nova Pack
1044,COCO Shadow Assassin
1045,Regal Paladin Armor
1046,Resplendent Armor and Greatsword
1047,Infantry Armor
1048,Infantry Armor - HDT SMP
1049,Raven Armor
1050,Eclipse Mage Outfit - HDT-SMP
1051,Eclipse Mage Outfit - Fixed 1st Person
1052,Mythic Dawn armor
1053,Mythic Dawn armor - HDT SMP
1054,Kvetchi Mercenary Set
1055,Kvetchi Mercenary Set - 3BA
1056,League of Assassins Armor
1057,League of Assassins Armor - Dark Brotherhood Retexture
1058,League of Assassins Armor - 3BA
1059,Colovian Prince Set
1060,Colovian Prince Set - 3BA
1061,Nolvus Ascension Armors Patch
1062,5.14.2 CLOTHES_separator
1063,Rustic Clothing [2K]
1064,Weapons Armor Clothing and Clutter Fixes [2K]
1065,Armor and Clothing Extension
1066,Weapons Armor Clothing and Clutter Fixes - ISC Patch
1067,Weapons Armor Clothing and Clutter Fixes - Interesting NPC's Patch
1068,Weapons Armor Clothing and Clutter Fixes - CBBE Patch
1069,Weapons Armor Clothing and Clutter Fixes - CRF Patch
1070,Weapons Armor Clothing and Clutter Fixes - Dark Brotherhood Armor Patch
1071,Weapons Armor Clothing and Clutter Fixes - Konahrik's Accoutrements Patch
1072,Bandolier Bags and Pouches Classic
1073,Bandolier - Tighter Female Fit
1074,Bandolier - Tighter Male Fit
1075,Winter is coming - Cloak
1076,Cloaks of Skyrim
1077,Cloaks of Skyrim Retextured [2K]
1078,Cloaks Of Skyrim Retextured Mesh Update
1079,Cloaks and Capes
1080,Artesian Cloaks of Skyrim
1081,Artesian Cloaks of Skyrim - Retextured
1082,Artesian Cloaks of Skyrim - XML
1083,Artesian Cloaks of Skyrim - Retextured XML
1084,Nolvus Ascension Clothes Patch
1085,5.14.3 WEAPONS_separator
1086,Nolvus Weapons Keyword
1087,LeanWolf's Better-Shaped Weapons
1088,ElSopa - Iron Weapons Redone [2K]
1089,Steelthorn Steel Weapon Replacer
1090,Faction Crossbows
1091,Nightingale Pride With Gems
1092,Elven Blades Replacer
1093,Skyforge Weapons
1094,Runed Nordic Weapons
1095,Rudy HQ - More lights for ENB - Daedric weapons
1096,Dragon Priest Staff Replacer
1097,JS Unique Utopia - Daggers [2K]
1098,JS Unique Utopia - Daggers - LOTD Patch
1099,JS Unique Utopia - Daggers - WACCF Patch
1100,ElSopa - Quivers Redone [2K]
1101,Pickaxe Redone
1102,Sword of the First Ember
1103,Billyro's Weapons
1104,Baltimore Weapons
1105,Insanity Sorrow Weapons Pack
1106,Falchion
1107,Insanity Celtic Katana
1108,CL's Rapier
1109,Rapier and Dirk
1110,Velothi Warscythe
1111,Velothi Warscythe - Warhammer to Battleaxe
1112,Sting Spear
1113,Spear of Omicron
1114,Spear of Leonidas
1115,Spear of Skyrim
1116,Aegean Sentinel Halberd
1117,Lunar Guard Battleaxe
1118,Quarterstaff
1119,Yol'Kreh - The Infernal Scythes
1120,Cosmo - War Scythe
1121,Scythe Of The Crow Mother
1122,Silverthorn Weaponry
1123,Imperial Falchion and War Cleaver
1124,Boethiah's Calling
1125,Ebony Damascus Blades
1126,CL's Crisseagrim
1127,Raven's Beak
1128,Bluthund - A Longsword
1129,Eikbiter - A Long Axe
1130,Dwueth'Var - The Star Razor
1131,Occiglacies
1132,Ilieh Cry of the Damned
1133,Magicians Judge
1134,Forked Steel Dagger
1135,JaySuS Swords
1136,Witcher 3 Weaponry
1137,Dragon's fang sword
1138,Shields of Glory
1139,Shields of Glory - Temper Patch
1140,Legendary Alpha Shields
1141,Silver Knight Shield
1142,Shimmer Dagger
1143,Wolf Warrior's Sword
1144,Wolf Warrior's Seax
1145,Wolf Warrior's Axe
1146,Nicos Twinblades
1147,Twinblades of Skyrim
1148,Gear Spreader
1149,Nolvus Ascension Weapons Patch
1150,5.15 ANIMALS & CREATURES_separator
1151,Bellyaches Animal and Creature Pack
1152,Bellyaches HD Dragon Replacer
1153,Diverse Dragons Collection
1154,Immersive Dragons
1155,Deadly Dragons
1156,Deadly Dragons Patches
1157,Dragons Fall Down - Immersive Airborne Death
1158,GoT Dragons - Textures
1159,GoT Dragons - Ally
1160,GoT Dragons - Enemy
1161,GoT Dragons - Diverse Dragons
1162,Ash Guardian Retexture
1163,Ash Spawn Retexture
1164,Mammoth [2K]
1165,Dragon Priest [2K]
1166,Draugr [2K]
1167,Falmer [2K]
1168,Giant [2K]
1169,Hagraven [2K]
1170,Troll [2K]
1171,Wispmother
1172,Rustic Daedra [2K]
1173,Rustic Death Hound and Gargoyles [2K]
1174,Spriggans
1175,Skeleton and Human Bones [2K]
1176,ElSopa HD Strider And Netches [2K]
1177,Ice Wraiths
1178,Bears of the North
1179,Bears of the North - Bruma Patch
1180,Realistic Skin and Hair Shaders - Giants
1181,Realistic Skin Shaders- Falmer and Hagraven
1182,Flying Crows
1183,Seagulls of Skyrim
1184,Fluffworks
1185,Fluffworks - Bellyaches Patch
1186,Fluffworks - Bellyaches Horses
1187,High poly Mudcrab
1188,Rabbits of Skyrim
1189,SC Horse
1190,SC Horse Replacer
1191,Unique Barbas
1192,Unique Barbas - Fluffworks - ENB Light Addon
1193,Spiders of Solstheim - Transparency Fix
1194,Mihail - Ancient Nordic Sentinel
1195,Mihail - Dwarven Colossus
1196,Mihail - Ash Golem
1197,Mihail - Crystal Golem
1198,Mihail - Storm Golem
1199,Mihail - Bone Colossus
1200,Mihail - Minotaurs
1201,Mihail - Wraiths
1202,Mihail - Foglings
1203,Mihail - Draugr Patrols
1204,Mihail - Water Hags
1205,Mihail - Ogrim
1206,Mihail - Draugr Horse Mount
1207,Mihail - Aegis of the sigil
1208,Mihail - Ruinachs
1209,Mihail - Fiendroth Beetle
1210,Mihail - Gravelords
1211,Mihail - Banekins
1212,Mihail - Giantesses
1213,Mihail - Grummites
1214,Mihail - Scamps
1215,Mihail - Mountain Lions and Panthers
1216,JS Emissive Eyes
1217,Magic of Vile Darkness
1218,Worn Undead
1219,Playable Draugr
1220,Draugr MCO
1221,Draugr MCO - JS Emissive Eyes Patch
1222,Nolvus Ascension Creatures Patch
1223,Giant Animation Normal Speed
1224,Giants to Frost Giants (ESL)
1225,5.16.1 JEWELRY_separator
1226,Gemling Queen Jewelry
1227,Gemling Queen Jewelry - USSEP Circlet Fix
1228,Left Hand Rings Modified
1229,Amulets of Skyrim
1230,Amulets of Skyrim - Tweaks and Fixes
1231,Barenziah's Glory
1232,Barenziah's Glowing
1233,Ave's Ring of Bloodlust
1234,Ave's Ring of Instinct
1235,Ave's Ring of the Hunt
1236,Ave's Ring of the Moon
1237,Ave's Frostmoon Rings
1238,Ave's Interesting NPCs Jewelry Replacer
1239,Ave's 3DNPC Jewelry Replacer - LOTD Patch
1240,Iconic's Remastered Paragon Gems [2K]
1241,Iconic's Remastered Paragon Gems - Particle Light Patch
1242,ElSopa Glorious HD Amulets Quality
1243,Elder Council Amulet Replacer [2K]
1244,5.16.2 CLUTTERS_separator
1245,Forgotten Retex Project
1246,Rustic Clutter Collection
1247,Rudy HQ - Miscellaneous
1248,Skyrim 3D Misc - Butterchurn
1249,Skyrim 3D Misc - Chopping Block and Axe
1250,Skyrim 3D Misc - Mammoth Cheese
1251,Skyrim 3D Misc - Traps
1252,Medieval Candlehorns and Sconces
1253,SD's Horn Candles [2K]
1254,Rally's Nord War Horns
1255,Rudification - Rudy Candles Expanded
1256,Burned Book
1257,Retexture for The Scroll
1258,Ingredients
1259,Eerie Ectoplasm
1260,Surreal Spriggan Sap
1261,Dusty Vampire Dust
1262,Freezing Cold Frost Salts
1263,Volatile Void Salts
1264,JS Bloodstone Chalice [2K]
1265,JS Initiate's Ewer [2K]
1266,JS Essence Extractor [2K]
1267,JS Dwarven Oil [2K]
1268,JS Dwemer Kitchenware [2K]
1269,JS Dwemer Ichor Barrels [2K]
1270,JS Torture Tools [2K]
1271,5.16.3 STATUES & SHRINES_separator
1272,Stunning Statues of Skyrim
1273,LeanWolf's Better-Shaped Talos with Greatsword
1274,JS Shrines of the Divines [2K]
1275,JS Shrines of the Divines - HD Glaze [2K]
1276,Statue of Sithis [2K]
1277,Daedric Shrines - Boethia [2K]
1278,Daedric Shrines - Clavicus Vile [2K]
1279,Daedric Shrines - Mephala [2K]
1280,Daedric Shrines - Peryite [2K]
1281,Daedric Shrines - Hircine [2K]
1282,Daedric Shrines - Sanguine [2K]
1283,Daedric Shrines - Sheogorath [2K]
1284,Daedric Shrines - Malacath [2K]
1285,Daedric Shrines - Namira [2K]
1286,Daedric Shrines - Nocturnal [2K]
1287,Daedric Shrines - Molag Bal [2K]
1288,Daedric Shrines - Vaermina [2K]
1289,Daedric Shrines - Hermaeus Mora [2K]
1290,Daedric Shrines - Azura [2K]
1291,Daedric Shrines - Mehrunes Dagon [2K]
1292,Daedric Shrines - Meridia [2K]
1293,Daedric Shrines - Jyggalag [2K]
1294,Daedric Shrines - Jyggalag - Fixes
1295,Rally's Solstheim Shrines [2K]
1296,Mundus Standing Stones
1297,Mundus Standing Stones - ENB Light Patch
1298,Sovngarde Watcher Retexture [2K]
1299,5.16.4 COLLECTABLES_separator
1300,Skyrim Unique Treasures
1301,Oblivion Artifact
1302,Skyshards
1303,5.16.5 MISC MODELS_separator
1304,CC's Enhanced Ore Veins [2K]
1305,CC's HD Dwemer Automatons - Remastered [2K]
1306,Dwemer Pipework Reworked
1307,Dwemer Tech Glowmapped
1308,JS Dwemer Puzzle Cube
1309,JS Dwemer Puzzle Cube - Glowmapped
1310,JS Dwemer Control Cube
1311,JS Dwemer Control Cube - Glowmapped
1312,JS Dwemer Artifacts
1313,JS Dwemer Artifacts - Glowmapped
1314,JS Attunement Sphere and Lexicons
1315,JS Attunement Sphere and Lexicons - Glowmapped
1316,Dwemer Tech Glowmapped - ENB Light
1317,Dwemer Tech Glowmapped - ENB Light - John Skyrim Patch
1318,ElSopa HD - Dirt Blast [2K]
1319,ElSopa HD - Keys Redone [2K]
1320,ElSopa HD - Giant Mortars Redone [2K]
1321,ElSopa HD - Meridias Beacon [2K]
1322,ElSopa HD - Briarheart
1323,ElSopa HD - Skeleton Key
1324,WiZkiD Carriages [2K]
1325,Imperial Tents [2K]
1326,Small Nordic Tent [2K]
1327,JS Purses and Septims [2K]
1328,JS Dragon Claws AE Anniversary Edition [2K]
1329,Unique Skulls HD [2K]
1330,Unique Skulls HD - Weapons Armor Clothing and Clutter Fixes Patch
1331,Metallurgy - Ingots Ore and Veins
1332,Apophysis Dragon Priest Masks
1333,Awesome Potions Simplified
1334,Awesome Potions Simplified - Discrepancys Patch
1335,Multilayer Parallax Soul Gems
1336,Multilayer Parallax Soul Gems - Immersive Sounds Compendium Patch
1337,DeviantKaled's Nord Ship Texture Replacers
1338,Frankly HD Dragonbones
1339,Renthal's Workbench
1340,Renthal's Tanningrack
1341,HD Executioners Block
1342,High Poly Project
1343,High Poly Project - Fixes
1344,Enhanced Blood Textures
1345,Enhanced Blood Textures - Immersive Sound Compendium Patch
1346,Gorecap
1347,More Bloodshed
1348,ElSopa - HD Better Bloody Rags [2K]
1349,HQ Puddle
1350,Jabber's Archery Targets
1351,Salmon Roe Replacer
1352,Rustic Maps
1353,Stalhrim Source [2K]
1354,Stalhrim Source - ENB Light Patch
1355,Legacy of the Dragonborn Museum Dome Improved
1356,Legacy of the Dragonborn Dome Retexture
1357,Legacy of the Dragonborn - SMIM Chests
1358,Legacy of the Dragonborn - Fate Cards Retexture
1359,Legacy of the Dragonborn - Dwemer Compass Replacer [2K]
1360,Paintings Replacer for Legacy of the Dragonborn
1361,WiZkiD Hagraven Clutter and Bones [2K]
1362,Unreal Mammoth Skeleton ReTexture
1363,WiZkiD Alchemy Table
1364,Enchanting Stations Candles
1365,HD Reworked Falmer Architecture
1366,Strongbox Replacer [2K]
1367,JS Common Cages [2K]
1368,Security Overhaul SKSE - Lock Variations [2K]
1369,Security Overhaul SKSE - Add-ons [2K]
1370,Security Overhaul SKSE - Some More Locks
1371,Security Overhaul SKSE - Regional Locks [2K]
1372,Security Overhaul SKSE - Project AHO Locks
1373,Floating Ash Pile Fix
1374,Daedra Heart
1375,Sprites or Specters - ENB Light
1376,Dwemer Fairies
1377,Dwemer Fairies- LL Dragons
1378,Dwemer Fairies - ENB Particles
1379,Icy Wraith Teeth
1380,FYX - 3D Stockades
1381,FYX - 3D Stockades - Walls and Gate
1382,FYX - 3D Shack Kit Walls - Collision
1383,Particle Lights for ENB - Falmer Things
1384,Beautiful Sigils of Shalidor [2K]
1385,FYX - 3D Dock Ramp
1386,FYX - 3D Shack Kit Roofs
1387,FYX - 3D Coal in the Shovel
1388,FYX - RowBoat
1389,Better Chests
1390,Nolvus Ascension Model Patch
1391,5.17 LIGHTING EFFECTS & PARTICLES_separator
1392,Smoking Torches and Candles
1393,Deadly Spell Impacts
1394,Deadly Spells Impacts Transparency Fix
1395,Parallax Spell Impacts
1396,Dust Effects
1397,Frozen in Time
1398,Rudy HQ - More Lights for ENB - Deathbells and Nirnroots
1399,Rudy HQ - More Lights for ENB - Moths and Fireflys
1400,Rudy HQ - More Lights for ENB - Glowing Mushrooms
1401,Rudy HQ - More Lights for ENB - Decal Fix
1402,ENB Particle Lights - Dwemer Lanterns
1403,ENB Particle Lights - Bugs in a Jar
1404,ENB Particle Lights - Undead Creatures
1405,ENB Particle Lights - Staff Enchanter
1406,ENB Particle Lights - Nordic Ruins Candles
1407,ENB Particle Lights - Effect Shaders
1408,ENB Particle Lights - Dragon Fly
1409,ENB Particle Lights - Light Orbs - Motes
1410,ENB Particle Lights - Wisps - Witchlight
1411,ENB Particle Lights - Lava
1412,ENB Particle Lights - Moon Crests
1413,ENB Particle Lights - Dwarven Spiders
1414,ENB Particle Lights - Falmer Drips
1415,ENB Particle Lights - Fire Traps
1416,ENB Particle Lights - Spectral Warhound Eyes
1417,ENB Particle Lights - Riekling Outposts
1418,ENB Particle Lights - Ayleid Ruins
1419,ENB Particle Lights - Gemstones
1420,ENB Particle Lights - Alchemy and Enchanting Tables
1421,Improved Weapon Effect - Sparkles
1422,Improved Weapon Effect - Sparkles - Immersive Sounds Patch
1423,Vibrant weapons
1424,Arctic - Frost Effects Redux
1425,Quick Light
1426,Quick Light - Patch
1427,Quick Light - Followers
1428,Quick Light - Settings Loader
1429,Quick Light - Nolvus Settings
1430,Simple Wearable Lanterns
1431,ENB Light
1432,Quick Light - Alternate Meshes
1433,ENB Light - Dark Elf Lantern
1434,ENB Light - Apocrypha
1435,ENB Light - Elytra and Bliss Bug
1436,ENB Light - Misc Effects
1437,Embers XD
1438,Animated Forge Water
1439,HD Better Dust Piles [2K]
1440,Improved Dust Particles
1441,Lux Via
1442,Lux Orbis
1443,Lux Orbis - FYX - 3D Whiterun Drawbridge Patch
1444,Lux
1445,Lux Variants
1446,Lux Interiora Distincta - JK's Silver-Blood Inn Variante
1447,Simple Block Sparks
1448,Seriously Improved Sparks
1449,Summerset Shadows Banner Fix
1450,Enhanced Volumetric Lighting and Shadows
1451,ENB Particle Lights - Rudy Candle And Smoking Torch Patch
1452,Flesh FX
1453,Dynamic Impact - Slash Effects X
1454,Dripping Mist Reduction
1455,Spider WIP
1456,Peltapalooza - Complex Parallax Occlusion
1457,Nolvus Ascension Lighting Patch
1458,burnt corpses 4k retexture (se-ae)
1459,6.1 CORE ANIMATIONS & FRAMEWORK_separator
1460,XP32 Maximum Skeleton Special Extended
1461,XP32 Maximum Skeleton Special Extended - Fixed Scripts
1462,XP32 Maximum Skeleton Special Extended - Nemesis Fix
1463,XP32 Maximum Skeleton Special Extended - Undeath Skeleton Patch
1464,Maximum Skeletons
1465,Nemesis Unlimited Behavior Engine
1466,Nemesis - Creatures Behaviour
1467,Faster HDT-SMP
1468,Faster HDT-SMP - KS Hairdos
1469,Faster HDT-SMP - Perfomance Config
1470,CBPC Equipment Physics
1471,Open Animation Replacer
1472,Animation Motion Revolution
1473,Payload Interpreter V2
1474,Stances - Dynamic Animation Sets
1475,Stances - Dynamic Animation Sets - Settings Loader
1476,Stances - Dynamic Animation Sets - Nolvus Settings
1477,Stances - Based Animations for1st Person Combat
1478,True Directional Movement
1479,True Directional Movement - Boss Ini Tweaks
1480,True Directional Movement - LotD Boss Init Tweaks
1481,True Directional Movement - Vigilant
1482,True Directional Movement - Wheels of Lull
1483,True Directional Movement - Unslaad Boss Bars
1484,True Directional Movement - Nolvus Settings
1485,Stagger Direction Fix
1486,Disable Turn Animation
1487,OnHit Animations Framework
1488,Flinching
1489,Animation Queue Fix
1490,6.2.1 ATTACK ANIMATIONS_separator
1491,MCO Stance Framework
1492,ER moveset collection (OAR)
1493,Leviathan Axe ADXP MCO
1494,CFPAO
1495,Dynamic Bow Animation
1496,Dynamic Animation Casting
1497,Dynamic Animation Casting NG Plus
1498,6.2.2 MOVEMENT ANIMATIONS_separator
1499,Smooth Moveset 2
1500,Smooth Random Sprint Animation
1501,Smooth Random Sprint Animation - Custom Conditions
1502,Smooth Random Sprint Animation - Fast Sprinting 15
1503,Smooth Random Jump Animation Rework
1504,Parkour in Skyrim - Leap of Faith
1505,Smooth Weapon Jump Animation
1506,Smooth Weapon Jump Animation - Custom Conditions
1507,Sprint Sneak Movement Speed Fix
1508,Walk And Run Framework
1509,mcgFemaleWalk
1510,Smooth Random Blocking Animation
1511,Smooth Slip Dodge
1512,Witcher Side Dodge
1513,Nier 2B Dodge
1514,Orakin's Left and Right Dodge
1515,Orakin's Forward and Back Dodge
1516,Simple TKDodge Side Step
1517,Non Combat Sneak Idle
1518,BadAss Get-Up Animation
1519,zxlice's ultimate potion animation
1520,Awesome Potions Simplified ENB Lights - ZUPA Patch
1521,Immersive Equipping Animations
1522,Animated Poisons
1523,6.3 NPC's ANIMATIONS_separator
1524,Elden Rim Moveset Collection - NPC
1525,Diverse Equipment Idle
1526,Diverse Equipment Idle - Custom Conditions
1527,Conditional Armor Type Animations
1528,Conditional Armor Type Animations - Custom Conditions
1529,Vanargand Animations - Male Idle Walk Run - CATA Addon
1530,Vanargand Animations - Female Idle Walk Run - CATA Addon
1531,Vanargand Animations - Sprint - CATA Addon
1532,Leviathan Animations - Male Idle Walk Run -CATA Addon
1533,Leviathan Animations - Female Idle Walk Run - CATA Addon
1534,Leviathan Animations - Sprint - CATA Addon
1535,Goetia Animations - Male Idle Walk Run - CATA Addon
1536,Goetia Animations - Female Idle Walk Run - CATA Addon
1537,Goetia Animations - Sprint - CATA Addon
1538,Unbearable Taunt Animation
1539,Gesture Animation Remix
1540,Conditional Tavern Cheering
1541,Immersive Folded Hands
1542,6.4 COMMON ANIMATIONS_separator
1543,Vanargand Animations - Archery
1544,Vanargand Animations - Crossbows
1545,Vanargand Animations - Sneak Archery
1546,Vanargand Animations - Sneak Crossbows
1547,Vanargand Animations - Sneak Idle Walk and Run
1548,Vanargand Animations - Sneak Strike Attacks
1549,Vanargand Animations - Dual Wield Sneak Strikes
1550,Vanargand Animations - Sneak Thrust Attacks
1551,Vanargand Animations - Dual Wield Sneak Thrusts
1552,Goetia Animations - Magic Spell Casting
1553,Goetia Animations - Sneak Magic
1554,Goetia Animations - Conditional Shouts
1555,Goetia Animations - Enchanted Staves
1556,Stronger Swimming Animation
1557,No Spinning Death Animation
1558,Immersive Interactions - Animated Actions
1559,Immersive Interactions - Animated Actions - Legacy Settings Loader
1560,Immersive Interactions - Nolvus Settings
1561,Dynamic Sitting Idles
1562,EVG Conditional Idles
1563,EVG Conditional Idles - Settings Loader
1564,EVG Conditional Idles - Nolvus Settings
1565,Conditional Expressions
1566,Sky Idles
1567,Underdog Animations
1568,Underdog Animations - Serana and Vampire Fix
1569,Underdog Animations - Death Animation Guarenteed
1570,Dynamic Female Wall Leaning
1571,Dynamic Female Wall Leaning - Randomizer
1572,Improved Table Transition Animations
1573,Dynamic Female Hand Warming
1574,Dynamic Female Ledge Sitting
1575,Dynamic Female Ledge Sitting - Randomizer
1576,7.1 PERKS ABILITIES & POWER_separator
1577,Ordinator
1578,Ordinator Reworked - Combat Mod Compatibility
1579,Ordinator - Scrambled Bugs compatibility
1580,Ordinator - Beyond Skyrim Patch
1581,Summermyst
1582,Summermyst - Weapons Armors Clothing and Cluther Fix Patch
1583,Summermyst - Vibrant Weapons Addon
1584,Andromeda Unique Standing Stone of Skyrim
1585,Apocalypse - Magic of Skyrim
1586,Apocalypse - Ordinator Patch
1587,Apocalypse - Project AHO Spell Crafting Patch
1588,Odin
1589,Odin - Patches
1590,Odin - Ordinator Compatibility Patch
1591,Odin - Misc Audio Tweaks
1592,Odin - Spells For NPCS
1593,Odin - Summons Redone
1594,Odin - Textures Cleaned
1595,Elemental Destruction Magic Redux
1596,Triumvirate
1597,Triumvirate - ISC Patch
1598,Sonic Magic
1599,Miracles of Skyrim
1600,Astral Magic 2
1601,Storm Calling Magic 2
1602,Vulcano
1603,Arclight
1604,Conduit - Short Term Weapon Infusions
1605,Conduit - XPMSE Patch
1606,Thunderchild
1607,Immersive Spell Learning
1608,Strange Runes
1609,Strange Runes - Settings Loader
1610,GIST Soul Trap
1611,GIST Soul Trap - MultiLayer Parallax Soul Gems Patch
1612,GIST Soul Trap - Multilayer Parallax Soul Gems - ENB Lights Patch
1613,Weapon buff
1614,Custom Skills - Companions
1615,Custom Skills - Legacy of The Dragonborn
1616,Custom Skills - Pyromancy
1617,Custom Skills - Vigilant
1618,Custom Skills - Hand To Hand
1619,Custom Skills - Unarmoured Defense
1620,Custom Skills - Molag's Will
1621,Custom Skills - Prelude to Purgatory - A Lich Skill Tree
1622,Custom Skills - Dragonborn Shouts Perk Tree
1623,Custom Skills - UTF8 Fix
1624,Experience
1625,Experience - MCM
1626,Experience - Quests Tweak
1627,Experience - Nolvus Patch
1628,Static Skill Leveling
1629,Static Skill Levelling - AV Edits
1630,The Dark Arts
1631,The Dark Arts - Lux Patch
1632,Xyn's Reworked Elemental Cloak Spells
1633,Nolvus Ascension Perks Patch
1634,7.2 SURVIVAL & NEEDS_separator
1635,Campfire
1636,Campfire - EmbersXD Patch
1637,Campfire HD - Elsopa
1638,Campfire Backpack HD [2K]
1639,SunHelm
1640,SunHelm - Settings Loader
1641,SunHelm - Nolvus Settings
1642,SunHelm - Compatibility Patches
1643,SunHelm - Experience Patch
1644,SunHelm - Magical Heat Sources
1645,SunHelm - Drinking Fountains Patch
1646,SunHelm - Creation Club Farming Patch
1647,SunHelm - Waterskins
1648,Survival Control Panel
1649,Survival Control Panel - Settings Loader
1650,Keep It Clean - A Bathing mod
1651,Keep It Clean - Widget Addon
1652,Keep It Clean - Widget Addon - Settings Loader
1653,Keep It Clean - Widget Addon - Nolvus Settings
1654,Keep It Clean - Riften Bathhouse Patch
1655,Keep it Clean - New Dirt Textures
1656,Keep it Clean - Legacy of the Dragonborn Safehouse Patch
1657,Keep It Clean - Artisan Soaps
1658,Hunterborn
1659,Hunterborn - MCM
1660,Hunterborn - Ordinator Bone Arrow Patch
1661,Hunterborn - Immersive Interactions Patch
1662,Hunterborn - Immersive Interactions Animations
1663,Hunterborn - Experience Patch
1664,Nordic UI Icons for SunHelm
1665,Simple Weather Icons for SunHelm
1666,Instincts - Animal Taming in Skyrim
1667,Instincts - Animal Taming in Skyrim - Ordinator Patch
1668,Nolvus Ascension Survival Patch
1669,7.3 CRAFTING_separator
1670,Complete Crafting Overhaul Remastered
1671,Complete Crafting Overhaul Remastered - Audio Overhaul Patch
1672,Complete Crafting Overhaul Remastered - Amulets of Skyrim Patch
1673,Complete Crafting Overhaul Remastered - Bandoliers Patch
1674,Complete Crafting Overhaul Remastered - Campfire Patch
1675,Complete Crafting Overhaul Remastered - Cloaks of Skyrim Patch
1676,Complete Crafting Overhaul Remastered - Faction Crossbows Patch
1677,Complete Crafting Overhaul Remastered - Ingots and Ore HD Patch
1678,Complete Crafting Overhaul Remastered - Ordinator Patch
1679,Complete Crafting Overhaul Remastered - Winter is Coming Patch
1680,Complete Crafting Overhaul Remastered - Armor Variants Expansion Patch
1681,Complete Crafting Overhaul Remastered - Immersive Sounds Patch
1682,Complete Crafting Overhaul Remastered - New Legion Patch
1683,Complete Crafting Overhaul Remastered - Guards Armor Replacer Patch
1684,Complete Crafting Overhaul Remastered - Fishing Patch
1685,Complete Crafting Overhaul Remastered - Beyond Skyrim - Bruma Patch
1686,Complete Crafting Overhaul Remastered - Gemling Queen Jewelry Patch
1687,Complete Crafting Overhaul Remastered - JaySuS Swords Patch
1688,Complete Crafting Overhaul Remastered - The Dark Arts Patch
1689,Complete Alchemy and Cooking Overhaul
1690,Complete Alchemy and Cooking Overhaul - SKSE Update
1691,Complete Alchemy and Cooking Overhaul - USSEP Patch
1692,Complete Alchemy and Cooking Overhaul - Bruma Patch
1693,Complete Alchemy and Cooking Overhaul - Cutting Room Floor Patch
1694,Complete Alchemy and Cooking Overhaul - Ordinator Patch
1695,Complete Alchemy and Cooking Overhaul - Riften Docks Overhaul Patch
1696,Complete Alchemy and Cooking Overhaul - SunHelm Patch
1697,Complete Alchemy and Cooking Overhaul - Hunterborn MCM Patch
1698,Complete Alchemy and Cooking Overhaul - Wyrmstooth Patch
1699,Complete Alchemy and Cooking Overhaul - Inigo Patch
1700,Complete Alchemy and Cooking Overhaul - Audio Overhaul Patch
1701,Complete Alchemy and Cooking Overhaul - Bittercup Patch
1702,Complete Alchemy and Cooking Overhaul - Bloodchill Manor Patch
1703,Complete Alchemy and Cooking Overhaul - Bow of Shadows Patch
1704,Complete Alchemy and Cooking Overhaul - 3D Mountain Flowers Patch
1705,Complete Alchemy and Cooking Overhaul - Elysium Estate Patch
1706,Complete Alchemy and Cooking Overhaul - Fishing Patch
1707,Complete Alchemy and Cooking Overhaul - Forgotten Seasons Patch
1708,Complete Alchemy and Cooking Overhaul - Goblins Patch
1709,Complete Alchemy and Cooking Overhaul - Nix-Hound Patch
1710,Complete Alchemy and Cooking Overhaul - Plague of the Dead Patch
1711,Complete Alchemy and Cooking Overhaul - Rare Curios Patch
1712,Complete Alchemy and Cooking Overhaul - Saints and Seducers Patch
1713,Complete Alchemy and Cooking Overhaul - The Cause Patch
1714,Complete Alchemy and Cooking Overhaul - Undeath Patch
1715,Complete Alchemy and Cooking Overhaul - The Dark Arts Patch
1716,Animal Blood Potions for Vampires
1717,Craftable Lockpicks
1718,Honed Metal
1719,Honed Metal - Additional Materials
1720,Honed Metal - Revoiced
1721,HonedMetal - Ordinator Ini
1722,Vitrium - Spells and Tools Pack
1723,Decoction in Skyrim
1724,Nolvus Ascension Crafting Patch
1725,7.4 COMBATS & ENEMIES_separator
1726,SmoothCam
1727,SmoothCam - Modern Camera Preset
1728,SmoothCam - Raven's Gaze Valhalla Preset
1729,SmoothCam - Souls Like Preset
1730,IFrame Generator RE
1731,One Click Power Attack
1732,Ultimate Combat
1733,Ultimate Combat - Settings Loader
1734,Ultimate Combat - Nolvus Settings
1735,TK Dodge
1736,TK Dodge - Sounds
1737,TK Dodge RE
1738,Dynamic Dodge 1.2 - TK Dodge RE-0.55
1739,Dynamic Dodge Condition Edit (No duck cancel) .1
1740,Valhalla Combat
1741,Valhalla Combat - Nolvus Settings
1742,ADXP - MCO distarse
1743,Valhalla Combat - Draugr MCO Execution Patch
1744,SCAR - Skyrim Combos AI Revolution
1745,SCAR - Stamina Limitation
1746,Precision - Accurate Melee Collisions
1747,Precision - Creatures
1748,Hot Key Skill
1749,Bow Charge Plus
1750,3rd Person Camera Stagger Remover
1751,Fix Blocking Move
1752,Wider Block Angle
1753,Block Enchantments
1754,Additional Attack
1755,Additional Attack - Sekiro Nightjar Slash Reversal
1756,Additional Attack - Sekiro Whirlwind Slash
1757,Crouch Sliding
1758,Elden Counter
1759,VioLens - A Killmove Mod
1760,VioLens - A Killmove Mod - Settings Loader
1761,VioLens - A Killmove Mod - Nolvus Settings
1762,Dual Wield Parrying Reimplementation
1763,Dual Wield Parrying Reimplementation - Settings Loader
1764,Dual Wield Parrying Reimplementation - Nolvus Settings
1765,No BS AI Projectile Dodge
1766,Book Of Shadows
1767,Take a Peek - New Stealth Mechanic
1768,Maximum Carnage
1769,Maximum Carnage - MCO
1770,Maximum Carnage - Settings Loader
1771,Maximum Carnage - Nolvus Settings
1772,Maximum Carnage - 3BA Patch
1773,Maximum Carnage - Bears of the North Patch
1774,Maximum Destruction
1775,Action Based Projectiles
1776,Action Based Projectiles - ISC Patch
1777,Action Based Projectiles - AOS Patch
1778,Action Based Projectiles - Odin Patch
1779,Action Based Projectiles - Faction Crossbows Patch
1780,Action Based Projectiles - Assorted Patches
1781,Obis
1782,Obis - Settings Loader
1783,Obis - Nolvus Settings
1784,Obis - Unplayable Faction Armors Patch
1785,Obis - Modpocalypse NPCs
1786,Smart NPC Potions
1787,Equipment Durability System
1788,Modern Combat AI
1789,Comprehensive Attack Speed Patch
1790,Thicc Thighs Take Lives
1791,Nolvus Ascension Combat Patch
1792,Bow Rapid Combo V3
1793,7.5 ECONOMY_separator
1794,Trade and Barter
1795,Trade and Barter - Bruma Patch
1796,Imperial Mail - Post and Banking Service Continued
1797,Imperial Mail - Cities of the North - Falkreath Patch
1798,Trade Routes - Regional Economy
1799,Nolvus Ascension Economy Patch
1800,7.6 AI_separator
1801,AI Overhaul
1802,AI Overhaul - Cutting Room Floor Patch
1803,AI Overhaul - RS Children Overhaul Patch
1804,AI Overhaul - Interesting NPCs Patch
1805,AI Overhaul - Dawn of Skyrim Patch
1806,AI Overhaul - Half-Moon Mill Patch
1807,Run For Your Lives
1808,Guard Dialogue Overhaul
1809,Relationship Dialogue Overhaul
1810,Relationship Dialogue Overhaul - Cutting Room Floor Patch
1811,Relationship Dialogue Overhaul - Complete Alchemy Patch
1812,Relationship Dialogue Overhaul - AI Overhaul Patch
1813,Realistic Conversations
1814,NPC AI Process Position Fix - NG
1815,SPID NPC Trap Safety
1816,Nolvus Ascension AI Patch
1817,7.7 RELIGION_separator
1818,Wintersun
1819,Wintersun - Complete Alchemy and Cooking Overhaul Patch
1820,Wintersun - Daedric Shrines - Clavicus Vile Patch
1821,Wintersun - Daedric Shrines - Mephala Patch
1822,Wintersun - Daedric Shrines - Hircine Patch
1823,Wintersun - Daedric Shrines - Sanguine Patch
1824,Wintersun - Daedric Shrines - Sheogorath Patch
1825,Wintersun - Daedric Shrines - Namira Patch
1826,Wintersun - Daedric Shrines - Molag Bal Patch
1827,Wintersun - Daedric Shrines - Vaermina Patch
1828,Wintersun - Daedric Shrines - Hermaeus Mora Patch
1829,Wintersun - Daedric Shrines - Azura Patch
1830,Wintersun - Daedric Shrines - Jyggalag
1831,Wintersun - Prelude to Purgatory Patch
1832,7.8 MISC GAMEPLAY_separator
1833,Nether's Follower Framework
1834,Nether's Follower Framework - Settings Loader
1835,Nether's Follower Framework - Easy Wheel Menu Patch
1836,Swiftly Order Squad
1837,Skyrim Reputation
1838,Skyrim Reputation - Unofficial Patch
1839,Skyrim Reputation Improved
1840,A Closer Look
1841,Timing is Everything
1842,Smart Optimal Salves - Optimal Potion
1843,Smart Optimal Salves - Duration Patch
1844,Headhunter - Bounties Redone
1845,Disable Follower Collision
1846,I'm Walkin' Here
1847,Simple Offence Suppression
1848,EVG Animated Traversal
1849,EVG Animated Traversal - Patch Collection
1850,Maleficus' Traversal
1851,Simplest Horses
1852,Animated Whistling
1853,Instantly Skip Dialogue NG
1854,Nolvus Ascension Misc Gameplay Patch
1855,7.9 RACES_separator
1856,Aetherius - A Race Overhaul
1857,Growl
1858,Growl - Complete Alchemy And Cooking Overhaul Patch
1859,Growl - Skyrim Reputation Patch
1860,Conditional Werewolf Howl
1861,Sacrosanct
1862,Sacrosanct - Complete Alchemy and Cooking Overhaul Patch
1863,Sacrosanct - Skyrim Reputation Patch
1864,Sacrosanct - Animal Blood Potion Patch
1865,Burning Silver
1866,Nolvus Ascension Races Patch
1867,8. IMMERSION_separator
1868,Simple Dual Sheath
1869,Immersive Equipment Displays
1870,Go to bed
1871,Go to bed - Patches
1872,Go to bed - Complete Crafting Overhaul Patch
1873,No NPC Greetings
1874,Simply Knock
1875,Simply Knock - SKSE
1876,Simply Knock - Andromeda Patch
1877,Immersive Speechcraft
1878,Immersive Speech Dialogue
1879,Misc Dialogue Edits
1880,More Dialogue Options
1881,YOT - Your Own Thoughts
1882,The Choice is Yours
1883,The Choice is Yours - Bittercup
1884,The Choice is Yours - Bloodchill Manor
1885,The Choice is Yours - Headman's Cleaver
1886,The Choice is Yours - Hendraheim
1887,The Choice is Yours - Plague of the Dead
1888,The Choice is Yours - Saints and Seducers
1889,The Choice is Yours - Staff of Sheogorath
1890,The Choice is Yours - Sunder and Wraithguard
1891,The Choice is Yours - Vigil Enforcer Armor Set
1892,The Choice is Yours - Cutting Room Floor Patch
1893,The Choice is Yours - Wintersun
1894,SkyRem - Mia
1895,SkyRem - Mia - Settings Loader
1896,Skyrem - Mia - Nolvus Settings
1897,Carriage Stops of Skyrim
1898,Better Courier
1899,Dapper Deliveries - A Courier Overhaul
1900,ElSopa Big Backpack
1901,Informed Mail Delivery
1902,Dynamic Things Alternative
1903,I'm Glad You're Here
1904,Even Better Quest Objectives
1905,Sleeping Expanded
1906,Wash That Blood Off 2
1907,Realistic Boat Bobbing
1908,Realistic Boat Bobbing - SMIM Meshes
1909,Realistic Boat Bobbing - USSEP Patch
1910,Realistic Boat Bobbing - Wyrmstooth Patch
1911,Realistic Boat Bobbing - Riften Dock Overhaul Patch
1912,Bandit Lines Expansion
1913,Detailed NPCs - Basket Backpacks for NPCs
1914,Detailed NPCs - Random Bandages for NPCs
1915,Seasonal Wildlife Distribution
1916,Carry My Stuff Horse
1917,Nolvus Ascension Immersion Patch
1918,9. LATE LOADERS_separator
1919,Legacy of the Dragonborn Patches (Official)
1920,The Elder Scrolls Legends - Tweaks and Addons
1921,Nolvus Ascension Core Patch
1922,eFPS - Exterior FPS boost
1923,eFPS - AnniversaryEdition
1924,eFPS - Official Patch Hub
1925,eFPS - Miscellaneous Patches
1926,eFPS - Unofficial Patches
1927,eFPS - Nolvus Patch
1928,Serana Dialogue Add-On Patch Hub
1929,Nolvus Meshes Patch
1930,10. OUTPUTS_separator
1931,Synthesis Patch
1932,Nemesis Output (Standard)
1933,CBBE-3BA - Physics Armors and Clothes (Nude)
1934,LODGEN
1935,DynDOLOD - Textures
1936,DynDOLOD - Output - Performance
1937,11. ENB & RESHADE_separator
1938,MaxsuBlockOverhaul
1939,PROTEUS
1940,[full_inu] Armor Pack 01 SSE
1941,[full_inu] Armor Pack 02 SSE
1942,[full_inu] Armor Pack 02 SSE - 8K Textures
1943,Blaidd's Set - Textures
1944,VanillameshesforFullInu
1945,Auto Input Switch
1946,Blink Spell
1947,Dark Souls Pack by Team TAL
1948,Dear Diary Dark Mode (white text)
1949,Dragonborn Voice Over
1950,Gamepad Controlmap for One Click Power Attack
1951,Geralt of Rivia DBVO Pack Patches
1952,HDT-SMP Hairpack 02
1953,HDT-SMP Hairs and Wigs - Male and Female
1954,Improved Alternate Conversation Camera SE
1955,KS Hairdos - HDT SMP (Physics)
1956,KS Hairdos - HDT SMP (Physics) - Unisex
1957,One Click Power Attack NG
1958,Precision Trail Replacer - Simple
1959,SkyrimUpscalerENBTestBuild
1960,TB's Improved Smoke - 4K (Patched)
1961,True Sons Of Skyrim Refined
1962,Untarnished UI
1963,Bloodborne Pack by Team TAL SSE
1964,Eskyrim MCOADXP Installer
1965,WOLONGSKYRIM
1966,Constellation Magic
1967,Bella Voice DBVO
1968,Water for ENB
1969,Rocking Stones and Mountains Complex Parallax Occlusion 2k
1970,Rocking Stones and Mountains Parallax SE - Fix for Bright Rock Overlays
1971,Rocking Stones and Mountains Complex Parallax Occlusion - Less Shiny 2k
1972,Terrain Parallax Fix - for Vivid Landscapes Users
1973,Vivid Landscapes - Complex Parallax Occlusion Woods 2k
1974,Vivid Landscapes - Complex Parallax Occlusion Woods - Less Shiny 2k
1975,Vivid Landscapes - Complex Parallax Tundra Region - Green 2k
1976,Vivid Landscapes - Complex Parallax Tundra Region - Green - HD LOD
1977,Vivid Landscapes - Complex Parallax Tundra Region - Green - Less Shiny 2k
1978,Vivid Landscapes - Complex Parallax Snow 4k
1979,Vivid Landscapes - Complex Parallax Snow 4k - Blended Roads Patch
1980,Vivid Landscapes - Complex Parallax Snow 4k - Even Less Glossy
1981,Scriptfree Behavior Staggerlock
1982,oldfire
1983,NPC bandits special animation
1984,Hellblade
1985,Hellblade - Timed Block - AE Support
1986,Tyrannical Trolls
1987,Corpulent Trolls
1988,Bladestaff of Skyrim
1989,Dragon Age Staff Moveset
1990,Voltage 4-2K
1991,Winter Wonderland Magic
1992,Judgement Cut End - ap05's Remake
1993,anchor animation
1994,anchor animation v
1995,Only WEAPON Mod Version - Chaos Yamato
1996,wolong Dual Wield
1997,Knockback and Stagger - Poisebreaker Edition
1998,DAR Stagger NPC and Player
1999,Olivier Kenjutsu Sword MCO v
2000,Poise Stagger Animations For Vanilla
2001,HDT-SMP Force Fields
2002,Hogwarts in Skyrim
2003,draugr cavalry (SE-AE) 2.1
2004,Flies around corpses (SE-AE)
2005,Weapon
2006,Malenia
2007,Olivier Kenjutsu Great Sword MCO v
2008,Torches Cast Shadows
2009,MIF - Mu Impact Framework
2010,Visualized Critical Hits
2011,SMP-NPC crash fix
2012,SkyClimb
2013,Feral Dragon Avatar (Weredragon) ESL
2014,SSE_MrrrDude_Weredragon_Form_MeshReplacer
2015,SSE_MrrrDude_FeralDragon_WereDragon_SkeletonSize_
2016,dMenu
2017,Wheeler
2018,Wheeler - Untarnished UI Edit
2019,SOS - Levitation Mod
2020,Mofu_Vanilla
2021,Eldritch Blast
2022,Divine Smite
2023,Infinite Magicka Out of Combat
2024,Infinite Sprinting Out of Combat
2025,Infinite Shouting Out of Combat
2026,BeyondReach 4.61 2022
2027,Modpocalypse NPCs (v3) Beyond Reach
2028,Beyond Reach DBVO Fixes
2029,Frenzy and Enraged Throw
2030,Warmer in Combat (esl flagged)
2031,Fudou Myouou Katana and Tachi SE
2032,Less Powerful version
2033,SCAR Shinobi Moveset
2034,Dynamic Sprint
2035,SpellSword Moveset
2036,For Honor in Skyrim Animation Pack
2037,Eskyrim Sprint Attacks
2038,Playground
2039,Parkour in Skyrim - EVGAT Addon
2040,Elder Creed - Axe Moveset AIO
2041,Abyssal Blade MCO 3
2042,9.11ShadowofMerethBackupArchive
2043,attackorealisticaiedit
2044,Cinematic Sprint
2045,NVIDIA Reflex Support
2046,SmoothCam - Hellblade Preset
2047,Intimate Refined (alternate)
2048,separated Slash Effects X
2049,Rumble
2050,Rumble Additions
2051,MEMOSPORE - UI Sound Effects
2052,SSE ReShade Helper
2053,Cresty's Distant Mists
2054,Whiterun Mossy Wet Stonefloor - Grey 2k
2055,GG's Impoverished Whiterun (Parallax)
2056,Better Whiterun Walls
2057,ENB Dynamic Cubemap Textures
2058,HDT-SMP Hairpack 01
2059,[Dint] Pack 2
2060,Lightsabers
2061,The Witcher Signs
2062,the witcher signs animation
2063,Auto Parallax
2064,Sekiro Combat S
2065,Law of Causality
2066,FlamingStrike
2067,Ashes of War Weapon Art Via Additional Attack
2068,Slow Time Edit
2069,EVE - Slow Time Particle FX Restored
2070,Parry_Attack_System_
2071,Dynamic Whirlwind Sprint
2072,Mofu_EldenRing Attack Animations Axe SE MCO
2073,Cosplay Pack - hdt SMP (CBBE 3BA)
2074,For_Honor_in_Skyrim_I_kyoshin_Alpha
2075,Skoglendi - A Grass Mod
2076,Cathedral - 3D Grass Library - Meshes
2077,Cathedral - 3D Solstheim Grass
2078,The Grass Must Grow
2079,Nolvus Grass Mashup
2080,1FalconerArmorSE
2081,Happy Little Trees - Ivy on Trees
2082,Massive Outstandingly Insane Swamp Tree
2083,Dynamic Block Hit
2084,Dynamic Fus Ro Dah
